"","Algal Parasite--Leaf Saprotroph-Wood Saprotroph","Algal Parasite-Bryophyte Parasite-Fungal Parasite-Undefined Saprotroph","Animal Pathogen","Animal Pathogen-Endophyte-Epiphyte-Fungal Parasite-Plant Pathogen-Wood Saprotroph","Animal Pathogen-Fungal Parasite-Undefined Saprotroph","Animal Pathogen-Lichen Parasite-Plant Pathogen-Undefined Saprotroph-Wood Saprotroph","Animal Pathogen-Plant Pathogen-Undefined Saprotroph","Animal Pathogen-Undefined Saprotroph","Arbuscular Mycorrhizal","Bryophyte Parasite-Ectomycorrhizal-Litter Saprotroph-Wood Saprotroph","Dung Saprotroph-Endophyte-Plant Pathogen-Undefined Saprotroph","Dung Saprotroph-Plant Parasite-Soil Saprotroph-Undefined Saprotroph-Wood Saprotroph","Dung Saprotroph-Plant Saprotroph","Dung Saprotroph-Plant Saprotroph-Soil Saprotroph","Dung Saprotroph-Plant Saprotroph-Wood Saprotroph","Dung Saprotroph-Soil Saprotroph","Dung Saprotroph-Soil Saprotroph-Wood Saprotroph","Dung Saprotroph-Undefined Saprotroph-Wood Saprotroph","Ectomycorrhizal","Ectomycorrhizal-Fungal Parasite","Ectomycorrhizal-Fungal Parasite-Plant Pathogen-Wood Saprotroph","Ectomycorrhizal-Undefined Saprotroph","Ectomycorrhizal-Undefined Saprotroph-Wood Saprotroph","Endophyte-Insect Pathogen","Endophyte-Leaf Saprotroph-Plant Pathogen","Endophyte-Lichen Parasite-Plant Pathogen-Undefined Saprotroph","Endophyte-Plant Pathogen","Endophyte-Plant Pathogen-Plant Saprotroph","Endophyte-Plant Pathogen-Undefined Saprotroph","Endophyte-Plant Pathogen-Wood Saprotroph","Endophyte-Undefined Saprotroph","Epiphyte","Fungal Parasite","Fungal Parasite-Litter Saprotroph-Undefined Saprotroph","Fungal Parasite-Plant Pathogen-Plant Saprotroph","Fungal Parasite-Wood Saprotroph","Insect Pathogen","Lichen Parasite-Lichenized","Lichen Parasite-Wood Saprotroph","Lichenized","Lichenized-Undefined Saprotroph","Lichenized-Wood Saprotroph","Litter Saprotroph-Soil Saprotroph-Wood Saprotroph","NULL","Orchid Mycorrhizal","Plant Pathogen","Plant Pathogen-Plant Saprotroph","Plant Pathogen-Undefined Parasite-Undefined Saprotroph","Plant Pathogen-Undefined Saprotroph","Plant Pathogen-Wood Saprotroph","Plant Saprotroph","Plant Saprotroph-Wood Saprotroph","Soil Saprotroph","Soil Saprotroph-Undefined Saprotroph","Undefined Saprotroph","Undefined Saprotroph-Wood Saprotroph","Wood Saprotroph"
"Forest A1",0,13,3,168,93,16,0,0,0,6,96,5,6,0,14,5,0,465,0,0,0,61,0,2,0,99,32,0,0,9,0,3,138,0,0,0,0,0,0,0,15,3,61,0,0,53,4,0,25,59,0,236,3,0,709,0,81
"Forest A2",0,19,0,142,57,29,0,12,2,4,82,0,15,0,0,5,0,370,0,3,2,101,0,4,0,24,18,2,0,2,0,0,130,0,0,0,0,0,0,0,2,0,32,0,0,3,0,0,35,35,0,418,0,0,635,16,121
"Forest B1",15,86,80,88,39,9,0,13,55,0,12,9,2,5,17,92,16,324,0,0,0,41,0,0,0,7,0,3,0,11,0,0,47,0,0,0,9,0,0,0,9,0,34,0,0,26,0,0,0,33,2,492,0,0,355,0,198
"Forest B2",7,33,24,59,41,11,0,8,24,0,26,2,3,6,24,26,17,220,0,6,0,75,0,0,0,12,5,0,7,11,0,4,89,0,0,0,19,0,0,0,17,0,17,5,0,45,5,0,0,65,2,390,0,0,619,2,126
"Forest C1",16,34,7,59,38,3,0,23,134,2,10,17,11,0,43,22,78,179,0,5,0,76,0,0,0,11,0,3,22,6,0,0,79,0,0,0,0,0,0,0,48,0,20,8,0,65,5,0,0,59,0,358,0,0,1395,0,87
"Forest C2",17,13,15,85,62,8,0,15,22,35,20,123,34,66,55,22,9,292,4,0,0,73,0,0,0,2,0,0,0,12,0,0,180,0,0,0,5,0,0,0,23,0,18,0,0,134,7,0,0,80,0,739,0,0,1256,0,87
"Forest Interior A1",0,5,7,195,25,0,2,3,11,0,21,0,26,4,12,24,3,603,8,1107,0,25,0,0,0,93,16,5,185,0,0,0,407,0,0,7,0,0,0,0,0,0,25,0,0,40,0,0,3,88,0,302,0,0,769,0,110
"Forest Interior A2",7,11,0,64,15,0,0,4,40,0,8,0,69,9,5,24,6,684,0,0,0,38,0,0,0,58,0,4,5,3,0,0,314,0,0,0,0,0,0,0,19,0,32,0,0,27,0,0,0,111,0,247,0,0,546,0,135
"Forest Interior B1",2,27,0,161,33,0,0,4,13,0,25,5,8,0,19,2,0,687,0,473,0,31,0,0,0,30,3,4,0,13,0,0,193,0,0,0,0,0,0,0,2,0,77,0,0,25,4,0,18,64,0,393,0,0,590,0,75
"Forest Interior B2",0,49,8,137,16,0,0,5,11,0,19,21,0,0,19,0,0,629,0,9,0,18,0,3,0,54,3,5,0,11,0,0,204,0,0,0,0,0,0,0,7,0,94,0,0,65,0,0,0,59,0,351,0,0,269,0,118
"Forest Interior C1",15,43,39,181,37,43,0,5,44,0,23,0,4,18,23,14,12,249,0,0,43,43,32,0,0,38,0,0,0,14,0,0,29,0,0,0,3,0,5,0,168,0,80,0,0,199,0,0,5,104,8,393,0,0,471,0,133
"Forest Interior C2",0,49,13,65,19,21,0,69,15,0,106,8,5,0,4,2,0,173,0,9,9,22,0,0,0,13,5,0,4,10,0,0,14,0,0,0,0,0,0,0,22,0,49,0,0,63,0,0,0,33,0,558,0,0,124,3,72
"Forest Exterior A1",0,17,0,173,142,10,0,2,79,0,2,0,5,0,0,14,0,146,0,0,0,39,0,0,0,134,2,0,0,6,0,0,166,0,2,0,0,36,0,0,28,0,0,0,0,9,0,0,0,55,0,103,0,0,183,0,40
"Forest Exterior A2",5,103,14,95,168,0,0,12,22,0,3,0,7,0,10,0,0,141,3,13,0,20,0,0,0,256,60,0,0,15,0,0,101,0,13,0,0,96,0,4,90,0,17,0,0,35,0,0,0,39,0,308,0,0,346,0,199
"Forest Exterior B1",0,13,3,100,372,0,0,0,182,0,2,0,3,0,5,0,0,54,0,11,0,15,0,0,0,45,3,0,0,7,0,0,102,0,5,0,0,134,0,0,414,0,0,0,0,116,2,0,0,24,0,316,0,0,421,0,177
"Forest Exterior B2",0,31,12,117,179,0,0,0,13,0,0,0,13,0,0,21,0,73,0,12,0,5,0,0,0,46,0,0,0,10,0,0,119,0,0,0,0,0,0,0,287,0,5,0,0,10,0,0,0,28,0,131,0,0,76,0,28
"Forest Exterior C1",0,101,4,85,890,24,0,4,67,0,0,0,0,0,0,0,0,143,0,2,0,13,0,0,0,0,5,0,0,8,0,0,42,0,0,0,0,305,0,2,254,0,42,0,0,27,0,0,0,33,0,243,0,0,541,0,110
"Forest Exterior C2",0,44,2,178,1077,8,0,0,124,0,0,0,2,0,0,0,0,163,2,0,0,68,0,0,0,11,4,0,0,0,0,0,151,0,2,0,0,27,0,0,829,0,20,0,0,68,0,2,2,26,0,287,0,0,907,0,89
"Pioneer Near A1",7,0,0,134,24,6,0,9,41,0,26,6,18,42,9,8,37,340,0,50,8,40,0,0,0,9,0,13,0,0,0,0,198,0,0,9,0,0,0,0,0,0,12,0,0,185,0,0,2,80,0,121,0,3,998,0,7
"Pioneer Near A2",11,23,16,152,88,0,0,0,18,50,49,0,26,3,19,5,5,598,0,0,0,18,0,0,0,27,40,29,0,18,0,0,171,0,0,3,0,3,0,0,0,0,33,0,0,251,0,0,0,68,0,470,0,3,1002,0,24
"Pioneer Near B1",7,7,3,45,14,0,0,0,150,0,37,0,21,11,6,6,0,75,0,22,0,11,0,0,0,12,0,11,0,7,0,0,213,0,0,0,0,0,0,0,71,0,16,0,11,60,0,0,0,73,0,45,0,0,258,0,60
"Pioneer Near B2",0,11,9,125,12,0,0,4,202,0,45,0,41,9,13,3,0,114,0,10,0,11,0,0,0,79,12,0,0,34,0,0,261,0,0,0,0,0,0,0,22,0,58,0,0,30,0,0,0,88,0,104,0,0,130,0,33
"Pioneer Near C1",8,73,0,284,54,21,0,7,232,14,47,0,44,20,13,21,0,298,0,24,0,485,0,0,0,37,11,0,0,0,0,0,191,0,0,0,0,0,0,0,0,0,7,4,0,68,0,0,0,144,2,120,0,0,1068,0,41
"Pioneer Near C2",3,33,0,98,52,2,0,4,76,3,16,0,41,0,17,5,7,113,2,4,3,29,0,0,0,32,9,0,0,2,0,0,85,0,0,0,0,0,0,0,14,0,11,0,0,106,0,0,33,54,0,152,0,0,1165,0,21
"Pioneer Far A1",0,7,2,97,332,0,0,0,26,3,0,0,0,0,0,10,0,359,0,0,0,263,0,0,0,8,0,7,0,8,0,0,39,0,0,0,0,232,0,0,412,0,0,0,0,165,0,0,0,9,0,240,0,0,1535,3,12
"Pioneer Far A2",0,6,0,84,126,0,0,14,89,0,0,0,3,0,0,10,0,518,0,7,0,223,0,0,0,0,0,0,0,4,0,0,24,0,0,0,0,7,0,0,645,0,0,0,0,74,0,0,0,9,0,155,0,0,1561,0,3
"Pioneer Far B1",0,0,0,63,164,0,0,0,35,0,13,9,5,2,0,57,0,574,0,11,0,827,0,0,0,6,4,0,46,69,0,0,102,0,0,0,0,0,0,0,82,0,0,0,0,36,0,0,0,14,0,158,0,0,710,0,10
"Pioneer Far B2",0,0,0,108,51,0,0,5,43,0,9,5,0,0,0,3,0,591,0,19,0,950,0,0,0,0,0,0,0,16,0,0,39,0,0,0,0,0,0,0,14,0,0,0,0,35,0,0,6,11,0,297,0,0,581,0,21
"Pioneer Far C1",0,0,0,85,119,0,0,0,69,2,3,4,0,0,3,0,0,277,0,0,0,705,0,0,0,0,0,3,0,0,0,0,49,0,0,0,0,0,0,0,376,0,0,0,0,0,0,0,0,23,0,196,0,0,905,0,63
"Pioneer Far C2",0,0,0,83,78,3,0,7,144,0,0,0,5,6,0,0,0,307,0,0,0,774,0,0,5,8,4,0,0,0,0,0,71,0,0,0,0,0,0,0,420,0,0,0,0,10,0,0,0,30,0,198,0,0,862,0,140
"Grass Near A1",0,33,3,119,652,0,0,0,171,0,4,0,0,0,0,0,7,108,0,11,0,55,0,0,0,32,13,0,0,4,0,0,202,0,0,0,0,20,0,0,221,0,0,0,0,42,0,0,0,27,0,202,0,0,236,0,61
"Grass Near A2",0,21,73,133,396,2,0,0,51,0,0,3,0,0,0,0,0,84,0,0,0,188,0,0,0,49,5,0,0,0,0,0,121,0,0,0,0,31,0,0,435,0,0,0,0,99,0,0,0,18,0,198,0,0,188,0,88
"Grass Near B1",0,54,0,82,288,0,0,0,56,0,0,0,0,0,0,5,0,55,0,477,0,19,0,0,0,38,34,0,0,0,0,0,98,2,16,0,0,89,0,0,87,0,0,0,0,202,0,0,0,26,0,93,0,0,287,0,58
"Grass Near B2",13,27,0,103,1059,0,0,0,123,0,0,0,4,0,0,2,35,58,0,27,0,40,0,0,0,82,0,0,0,0,0,0,78,0,0,0,0,82,0,0,56,0,0,0,0,18,0,0,0,15,0,70,0,0,307,0,42
"Grass Near C1",0,30,0,105,615,0,0,2,86,0,0,0,13,0,5,6,195,60,3,37,0,53,0,0,0,353,0,0,0,0,0,0,124,0,11,0,0,6,0,0,243,0,0,0,0,30,0,0,0,23,0,120,0,0,321,0,50
"Grass Near C2",0,14,0,38,382,0,0,0,65,0,0,2,78,0,0,4,0,18,0,0,0,22,0,0,0,94,0,0,0,0,0,0,102,0,17,11,0,168,0,0,622,0,0,0,0,15,91,3,0,14,0,132,0,0,713,0,84
"Grass Far A2",0,72,7,71,310,0,0,0,88,0,0,0,20,0,0,5,0,62,2,36,0,45,0,0,0,36,5,0,0,0,0,0,135,0,0,0,0,71,0,0,36,0,0,0,0,24,0,0,0,6,0,57,0,0,402,0,59
"Grass Far  B1",0,11,0,58,362,0,0,0,59,0,0,0,14,2,0,3,0,61,10,0,0,404,0,0,0,60,12,0,0,0,0,0,106,0,0,0,0,0,0,0,9,6,0,0,0,25,0,0,0,31,0,99,0,0,854,0,69
"Grass Far  B2",0,54,5,146,251,0,0,0,101,3,10,0,10,0,0,0,5,123,0,0,0,29,0,0,0,165,7,0,0,0,0,0,124,0,0,0,0,8,0,0,205,0,0,0,0,204,0,2,0,12,0,190,0,0,203,0,81
"Grass Far C1 ",0,36,3,63,324,0,0,0,54,0,6,0,5,0,0,0,0,103,0,0,0,77,0,0,0,31,3,0,0,0,0,0,238,0,4,0,0,0,0,0,158,0,0,0,0,17,0,0,0,9,0,192,0,0,489,0,84
"Grass Far C2",0,96,3,178,379,0,0,19,72,0,0,0,0,0,0,0,0,212,13,931,0,68,0,0,0,159,0,0,0,0,0,0,163,0,8,0,0,11,0,0,3,0,0,0,0,199,0,0,0,9,0,268,0,0,870,0,137
"UMNR A1",0,6,8,70,80,0,0,11,60,0,0,95,4,0,3,4,0,245,0,142,21,225,0,0,0,39,0,0,218,2,0,0,0,0,0,0,0,0,0,0,90,0,0,0,0,11,0,0,0,14,0,454,0,0,623,0,22
"UMNR A2",0,168,0,35,116,0,0,12,4,0,5,0,0,2,0,3,0,508,0,25,0,267,0,0,0,36,0,0,16,0,0,0,0,0,0,0,0,0,0,0,0,0,72,0,0,21,3,0,0,22,0,258,0,0,212,0,69
"UMNR B1",0,16,8,27,244,0,0,4,7,0,0,10,3,0,65,4,0,345,0,174,4,331,0,0,0,7,0,3,6,0,2,0,0,0,0,8,0,0,0,0,12,0,77,0,0,21,3,0,0,17,0,239,0,5,326,3,11
"UMNR B2",0,6,8,30,16,3,0,12,47,0,0,66,2,0,21,3,0,328,2,0,4,658,0,0,0,74,0,0,12,0,0,0,19,0,0,0,0,0,0,0,48,0,0,0,0,28,0,0,0,29,0,449,0,5,429,0,131
"UMNR C1",0,29,0,23,303,0,0,41,24,0,0,20,3,3,0,18,0,285,0,3,0,115,0,0,0,7,0,0,18,0,0,0,0,0,0,11,0,0,0,0,32,0,0,0,0,48,4,0,4,25,0,178,0,0,535,0,200
"UMNR C2",0,28,5,69,904,0,0,11,31,0,4,75,2,4,0,9,0,530,0,62,0,435,0,0,0,10,0,0,45,0,0,0,0,0,0,15,0,0,0,0,33,0,5,0,0,17,11,0,3,40,0,585,0,0,503,0,389
